{
    "loss": 14.200628280639648,
    "accuracy": 0.48201438784599304
}