{
    "loss": 10.95425033569336,
    "accuracy": 0.5035971403121948
}