{
    "loss": 3.9372658729553223,
    "accuracy": 0.6187050342559814
}