{
    "loss": 1.747348427772522,
    "accuracy": 0.7553957104682922
}