{
    "loss": 6.702540397644043,
    "accuracy": 0.5035971403121948
}